iteration,bound,simulation_value,num_cuts_generated,wall_time_s,has_converged
1,1.3725021530010263e7,5.3397539793009505e7,9,6.578966856002808,false
2,6.56987785396727e7,1.0893134306832546e8,16,0.19649600982666016,false
3,6.61798597946405e7,2.7788435790325012e7,4,0.013990163803100586,false
4,6.617991913505742e7,1.3273209580000006e7,2,0.002750873565673828,false
5,6.61810367981263e7,6.5438603500000015e6,1,0.001878976821899414,false
6,6.6319674554663e7,1.3273531360103592e7,2,0.002529144287109375,false
7,6.633406655678797e7,5.807996818133136e7,8,0.008087873458862305,false
8,6.635894561059426e7,2.7780559905306585e7,4,0.005149126052856445,false
9,6.6500043138288766e7,1.9874672849212438e7,3,0.003459930419921875,false
10,6.6671388943301834e7,1.3158329973184988e7,2,0.002608060836791992,false
11,8.31417714791854e7,1.8338187409109157e8,17,0.014657974243164062,false
12,9.196147826671214e7,7.457122901966277e7,10,0.00912785530090332,false
13,9.209787655824693e7,3.368492219999999e6,1,0.001589059829711914,false
14,9.30893628452879e7,3.082282947954987e7,6,0.006208896636962891,false
15,9.31326061281381e7,1.1294662006286234e7,3,0.0031270980834960938,false
16,9.471444807686305e7,7.140176521828838e7,12,0.010626077651977539,false
17,9.47162533432321e7,2.735983829999998e6,1,0.0013060569763183594,false
18,9.52917647957728e7,2.5093264405956954e7,6,0.005445003509521484,false
19,9.821478789674604e7,3.412425023085372e7,9,0.008261919021606445,false
20,9.838312871841978e7,2.4218961277218297e7,9,0.008007049560546875,false
21,9.848734789395234e7,3.389006926001002e7,10,0.009109020233154297,false
22,9.927247053307605e7,1.5641493947522119e7,5,0.005548954010009766,false
23,9.958343278590743e7,1.0055584211152151e7,4,0.00423884391784668,false
24,1.0117978773671561e8,9.786252415437023e7,21,0.02049708366394043,false
25,1.0704755955631526e8,5.122838228667854e7,15,0.013106107711791992,false
26,1.071573691094751e8,7.04451169165118e6,3,0.0030059814453125,false
27,1.0792736461043383e8,4.273935392867188e7,9,0.009102821350097656,false
28,1.0805342173575097e8,2.7686659322367698e7,9,0.008682012557983398,false
29,1.0805837710228819e8,5.103646737613648e6,2,0.0023071765899658203,false
30,1.0813062474082018e8,2.6211773884502143e7,9,0.008278846740722656,false
31,1.1276794410711792e8,9.931124811564142e7,22,0.021023988723754883,false
32,1.1297546732312347e8,1.2203040249864702e8,28,0.02447795867919922,false
33,1.1345066343134756e8,1.7513705573132753e7,4,0.004268169403076172,false
34,1.1352560893365914e8,3.3685836099999994e6,1,0.0014739036560058594,false
35,1.1352735585334425e8,2.973827829999998e6,1,0.0015201568603515625,false
36,1.1377794331376885e8,1.7202654950336263e7,6,0.005436897277832031,false
37,1.1391893049438058e8,1.1258904773154706e7,4,0.003771066665649414,false
38,1.1392024843577167e8,3.3685836099999994e6,1,0.0015020370483398438,false
39,1.1402896871229246e8,2.5474058559085503e7,9,0.008648872375488281,false
40,1.1417190727596864e8,4.7878338678814575e7,16,0.015439033508300781,false
41,1.1428300326883723e8,9.603444392561078e6,3,0.0036458969116210938,false
42,1.143161892106489e8,6.343169078637317e6,2,0.002454042434692383,false
43,1.1433329603434668e8,1.0785317285022318e7,4,0.0041429996490478516,false
44,1.1437856758078042e8,6.342305900000006e6,2,0.0025930404663085938,false
45,1.144104494172223e8,6.73729239772141e6,2,0.0027430057525634766,false
46,1.144111765508072e8,5.310432077337369e6,2,0.002652883529663086,false
47,1.1441751043307097e8,6.613213925282031e6,2,0.003074169158935547,false
48,1.1442505141136254e8,1.5128643822384521e7,4,0.0047838687896728516,false
49,1.1443837400899316e8,1.3182746691783205e7,5,0.005120992660522461,false
50,1.1443843094553466e8,5.1054155565283135e7,17,0.017420053482055664,false
51,1.192860042861661e8,1.7071213916143838e8,27,0.025485992431640625,false
52,1.1933235984156324e8,7.656276543268919e7,15,0.01384115219116211,false
53,1.1933423846683827e8,3.385118170000002e6,1,0.0015587806701660156,false
54,1.1934485092182066e8,3.01406133296365e7,7,0.007335186004638672,false
55,1.1956307385762696e8,4.777002018797031e7,14,0.012826919555664062,false
56,1.2158449968216003e8,1.9983802750423232e8,35,0.032742977142333984,false
57,1.2175517128633511e8,2.8183619262078002e7,8,0.007314920425415039,false
58,1.2178400089808437e8,9.603321539999992e6,3,0.003014087677001953,false
59,1.218851503697537e8,9.96890244893801e7,15,0.01572394371032715,false
60,1.2222442773288783e8,3.3929076815127e7,9,0.00906515121459961,false
61,1.2333962044044028e8,1.0917117869487299e8,17,0.016585826873779297,false
62,1.2339191979206298e8,7.449765849062592e6,2,0.0024170875549316406,false
63,1.2341709503903374e8,3.994379037449619e7,11,0.011679887771606445,false
64,1.2352503724392031e8,3.3994895969608593e8,49,0.05168509483337402,false
65,1.2363888184607804e8,1.5671402095673275e8,29,0.03066706657409668,false
66,1.2364907082047358e8,9.351900911035559e7,17,0.01677989959716797,false
67,1.239340501661885e8,5.493759893066725e7,13,0.013651132583618164,false
68,1.2396605146178734e8,2.2769189641184375e7,7,0.006724834442138672,false
69,1.2397371987247701e8,5.398426532096371e6,2,0.0026140213012695312,false
70,1.2429048625154273e8,3.236566702322504e7,8,0.00970911979675293,false
71,1.2455439055693235e8,2.866631137350017e8,28,0.027292966842651367,false
72,1.247399174671387e8,2.1103331234360456e7,7,0.0075070858001708984,false
73,1.2493339885881002e8,4.096644546612187e7,12,0.010788917541503906,false
74,1.2525420001986638e8,2.4849315971079364e7,8,0.008167028427124023,false
75,1.2527600098040149e8,6.505222303343371e6,2,0.002537965774536133,false
76,1.2528072519917841e8,5.938596792652407e7,14,0.013743877410888672,false
77,1.2530691125965872e8,3.881565774192771e7,12,0.011232137680053711,false
78,1.2556052309357889e8,6.733713523896505e7,16,0.016759872436523438,false
79,1.2565146637485205e8,6.716525437256709e6,2,0.0027370452880859375,false
80,1.2566550749553035e8,1.5418108274402335e7,4,0.004828929901123047,false
81,1.2589490575033845e8,5.0495182849283144e7,12,0.012620210647583008,false
82,1.2648842719099274e8,1.6488952464805788e8,30,0.030900955200195312,false
83,1.2677486100925682e8,1.660925541790016e7,5,0.005682945251464844,false
84,1.2680350692049824e8,3.3685836099999994e6,1,0.001522064208984375,false
85,1.2748954366622847e8,1.6503555014577872e8,34,0.03558087348937988,false
86,1.2758026238039392e8,9.317104093481502e7,19,0.021303176879882812,false
87,1.2775649673642829e8,5.34116931966576e7,11,0.011642932891845703,false
88,1.2784756547476599e8,9.517123237085599e7,15,0.017668962478637695,false
89,1.2800641356258193e8,7.01819488039033e7,17,0.019701004028320312,false
90,1.2803263029255415e8,7.139944123569429e6,2,0.0029680728912353516,false
91,1.2806852189219502e8,1.676147927800794e7,5,0.005676984786987305,false
92,1.280983585115366e8,4.952901123998077e7,9,0.010025978088378906,false
93,1.2811797463438058e8,9.997669581123903e6,3,0.0038650035858154297,false
94,1.2818332589307134e8,1.7872913374587283e7,4,0.0047910213470458984,false
95,1.2821336395541972e8,3.769075931521267e7,11,0.014041900634765625,false
96,1.2822370759762603e8,1.296669025221537e7,4,0.005198001861572266,false
97,1.282567482715845e8,6.770493878200918e6,2,0.0031309127807617188,false
98,1.2827517740272845e8,1.3271950464719519e7,4,0.005259037017822266,false
99,1.2829203848321488e8,1.4199744626958206e8,20,0.02331709861755371,false
100,1.2830817447897354e8,3.1797434060846046e7,8,0.010153055191040039,false
101,1.2832384708036844e8,7.2714257186625e6,2,0.0030679702758789062,false
102,1.283260142659937e8,1.1871885132983565e7,3,0.004760026931762695,false
103,1.2833050397399461e8,5.704672512528378e7,13,0.015533924102783203,false
104,1.2835307397752404e8,5.852053442767443e7,12,0.013852119445800781,false
105,1.2839373837013836e8,1.2612653866376542e8,27,0.03027796745300293,false
106,1.284231297177164e8,1.0665444210634333e8,22,0.024890899658203125,false
107,1.284501280666375e8,1.2877581557982624e7,3,0.0042400360107421875,false
108,1.284849393267075e8,5.175153506335285e7,13,0.015430927276611328,false
109,1.2849704837205148e8,1.889051980284521e7,5,0.005857944488525391,false
110,1.2853973042650297e8,1.6869350915601057e8,30,0.03168821334838867,false
111,1.2855643439014475e8,5.6420829798966944e7,10,0.012736797332763672,false
112,1.2856487488618487e8,1.329510303741841e7,4,0.00500798225402832,false
113,1.2856898331085835e8,4.126824329838361e7,13,0.014112234115600586,false
114,1.285697781316736e8,2.8814838987737298e7,9,0.010111808776855469,false
115,1.2857027698111694e8,5.2569217187354416e7,14,0.016822099685668945,false
116,1.2857265257989906e8,6.737061679999992e6,2,0.003092050552368164,false
117,1.2859426421454985e8,1.866611549553415e7,4,0.0055828094482421875,false
118,1.2862031926331289e8,2.5536229633492762e8,35,0.04022407531738281,false
119,1.286292989939261e8,9.542658851415485e7,15,0.017986059188842773,false
120,1.2864579394596829e8,8.650755348639926e7,18,0.021319866180419922,false
121,1.2865205794621743e8,3.839769187238131e8,62,0.07002615928649902,false
122,1.2866106729871821e8,1.6596559340531513e7,5,0.006466865539550781,false
123,1.2869654990066077e8,7.830046857538259e7,22,0.024087190628051758,false
124,1.2874139712581153e8,2.208583486665216e7,6,0.00757288932800293,false
125,1.2874917961001849e8,2.708958399632004e7,7,0.008484125137329102,false
126,1.2878372976525399e8,8.077677802742839e7,21,0.023375988006591797,false
127,1.2880718474862625e8,3.877097339689033e7,11,0.0125579833984375,false
128,1.2881543611011243e8,3.3685836099999994e6,1,0.0018489360809326172,false
129,1.2883847669057569e8,4.221443382437864e7,8,0.010554075241088867,false
130,1.2884110611531356e8,1.2116550859999985e7,4,0.004936933517456055,false
131,1.2884441801740673e8,6.6305456464833915e6,2,0.0030548572540283203,false
132,1.288857111492379e8,5.974536100240214e7,15,0.017893075942993164,false
133,1.2889153854183781e8,2.2050537065544784e7,7,0.008095979690551758,false
134,1.2890037617197941e8,6.540694951643258e6,2,0.0030231475830078125,false
135,1.2891123483762155e8,6.025339788332972e7,11,0.013672828674316406,false
136,1.2893278630988957e8,3.2602546599999964e6,1,0.0018739700317382812,false
137,1.2893595451398101e8,3.2602546599999964e6,1,0.0019571781158447266,false
138,1.289440227028892e8,1.2463455113727501e8,24,0.028558015823364258,false
139,1.2895769168832459e8,7.605833539814651e6,2,0.0031239986419677734,false
140,1.2897147189909066e8,1.898671215960017e7,5,0.006268978118896484,false
141,1.2899458465381333e8,3.3685836099999994e6,1,0.0018219947814941406,false
142,1.2900268404852654e8,5.0684624450286314e7,13,0.014513969421386719,false
143,1.2901547688498494e8,2.7757202975811034e7,8,0.009145021438598633,false
144,1.2903739986401093e8,2.1618787247322455e7,6,0.007431983947753906,false
145,1.2904138429974361e8,4.771193060826713e7,10,0.012603044509887695,false
146,1.2906919349175926e8,8.750171145827599e7,21,0.02411198616027832,false
147,1.2913463406318754e8,3.360440467203815e7,7,0.009325981140136719,false
148,1.2914853020783998e8,7.093381124807121e7,22,0.023675918579101562,false
149,1.291722675525852e8,5.003775538818769e7,11,0.013148069381713867,false
150,1.2918209300939512e8,2.2844307114280477e7,8,0.008940935134887695,false
151,1.2920070518810225e8,4.54147763641651e7,10,0.01262211799621582,false
152,1.2920820876746958e8,3.9355639062631845e7,12,0.013681888580322266,false
153,1.292128086632088e8,8.384057482628608e7,21,0.024183988571166992,false
154,1.2921807884560896e8,8.195680262837647e7,18,0.02137613296508789,false
155,1.2922538838840626e8,8.363662705416374e7,19,0.022449970245361328,false
156,1.2924136284273721e8,4.228169681578179e7,12,0.013898849487304688,false
157,1.2925125013787216e8,3.2602339390625954e6,1,0.002192974090576172,false
158,1.2927061417365225e8,5.8021412391572386e7,13,0.016614198684692383,false
159,1.2927530993405874e8,9.87402807944864e6,3,0.003945827484130859,false
160,1.2927578517351134e8,2.8553932530654207e7,8,0.009922027587890625,false
161,1.2928517203011888e8,1.019482581707196e7,3,0.004409074783325195,false
162,1.2930181028672983e8,5.455394421222757e7,14,0.016556978225708008,false
163,1.2930204998022145e8,6.628732729999989e6,2,0.003247976303100586,false
164,1.2934966529711787e8,1.0125007041137531e7,3,0.004344940185546875,false
165,1.2935032221486598e8,3.2602546599999964e6,1,0.0019099712371826172,false
166,1.293548304959307e8,1.45362476645893e7,4,0.005346059799194336,false
167,1.2935787931889653e8,1.275901207933794e7,4,0.005254030227661133,false
168,1.2936302612884896e8,1.024750257356964e7,3,0.004179954528808594,false
169,1.2936622659881572e8,5.864891214336373e7,13,0.016443967819213867,false
170,1.2938581406293738e8,3.2348257607202172e7,7,0.009211063385009766,false
171,1.294024817381483e8,1.0906123425687203e8,22,0.02787494659423828,false
172,1.2941049770660971e8,2.7470406937284216e7,8,0.009704113006591797,false
173,1.2944023840254259e8,2.01378990022562e7,6,0.007493019104003906,false
174,1.2944340838579316e8,3.2445541599999964e6,1,0.0019800662994384766,false
175,1.2946789897861496e8,9.250482167004292e7,17,0.020790815353393555,false
176,1.2947335847979504e8,1.1066597833390103e8,25,0.029952049255371094,false
177,1.295095223545911e8,2.2336792121157035e7,6,0.007771015167236328,false
178,1.2951262653143679e8,6.856260395254701e6,2,0.0030291080474853516,false
179,1.2951829596135275e8,1.9436767331430078e7,5,0.00615382194519043,false
180,1.295195542432182e8,1.0500711319651887e8,18,0.022579193115234375,false
181,1.2952475797651571e8,6.234321810961202e6,2,0.003016948699951172,false
182,1.295601973074796e8,1.0122844189866781e7,3,0.004344940185546875,false
183,1.2957714104969485e8,6.1704446960667625e7,17,0.021058082580566406,false
184,1.2960136878171663e8,6.737340835038945e6,2,0.003070831298828125,false
185,1.296213234417344e8,5.269152455130589e7,10,0.012345075607299805,false
186,1.2962496497001664e8,8.169904647334525e7,17,0.021112918853759766,false
187,1.2964436079664053e8,1.7266164421718958e8,32,0.03995203971862793,false
188,1.2964842234035912e8,6.629364648157001e6,2,0.003242969512939453,false
189,1.29650792505034e8,1.3142449666943029e7,4,0.005438089370727539,false
190,1.2965737121247444e8,8.977371629643588e7,16,0.02033209800720215,false
191,1.2967186742309722e8,6.705704192099716e7,19,0.023193836212158203,false
192,1.2968443864849654e8,7.113872553813909e7,19,0.023149967193603516,false
193,1.2968916491860056e8,1.2353427503119709e8,25,0.03154921531677246,false
194,1.2969166234570782e8,8.30333255563234e7,18,0.022615909576416016,false
195,1.2970159433004858e8,4.5221531494548544e7,14,0.016514062881469727,false
196,1.2970681919847295e8,5.653694470179801e7,14,0.017151832580566406,false
197,1.2975812934753095e8,3.3134166068525374e7,7,0.009885072708129883,false
198,1.2976033229144314e8,1.9064801590334633e8,36,0.04471302032470703,false
199,1.297731681496079e8,3.385118169999987e6,1,0.0020699501037597656,false
200,1.2977585023271964e8,1.2244775883154908e8,24,0.030647993087768555,false
201,1.2977731271033141e8,6.8409035361281e7,18,0.02250814437866211,false
202,1.297928595817559e8,3.499010129999995e6,1,0.0022628307342529297,false
203,1.2979627095289218e8,1.9207282954523787e7,6,0.007467985153198242,false
204,1.2981692672733478e8,8.626529003293997e7,19,0.024819135665893555,false
205,1.2982594348178442e8,7.016807473729941e7,18,0.022897005081176758,false
206,1.2984043330088446e8,1.1616410411549659e8,24,0.030364990234375,false
207,1.2984106254096103e8,2.6707422228068814e7,9,0.011044025421142578,false
208,1.2984283724246189e8,2.1563547931320205e7,5,0.007241964340209961,false
209,1.2984470631672734e8,3.1361544013412654e7,7,0.009919881820678711,false
210,1.2985470469327864e8,2.6608559583459526e7,9,0.011623144149780273,false
211,1.2986030307929371e8,3.2445541599999964e6,1,0.0020918846130371094,false
212,1.2986167709898473e8,3.191282527594924e7,9,0.012119054794311523,false
213,1.2986755567409143e8,1.1899631757881887e8,22,0.02867889404296875,false
214,1.2987423299780959e8,4.2073656400000155e6,1,0.0022051334381103516,false
215,1.2988236635518672e8,1.398068096065758e8,34,0.041162967681884766,false
216,1.299186929013151e8,9.087717545421582e7,23,0.028151988983154297,false
217,1.2994483008132084e8,1.4728326291843495e8,23,0.028696060180664062,false
218,1.2995617305861007e8,3.0557207288301587e7,10,0.012835025787353516,false
219,1.2996421998605244e8,2.6487111126297265e7,8,0.010782957077026367,false
220,1.2996421998605244e8,6.771949091794521e6,2,0.0033750534057617188,false
221,1.2997659454647961e8,1.5060828903768244e8,22,0.028155803680419922,false
222,1.2999756098705551e8,1.3519133946904361e7,4,0.005742073059082031,false
223,1.3001676675341092e8,1.7092202091664135e7,5,0.006706953048706055,false
224,1.300657110325655e8,2.5593813520138085e7,5,0.006791114807128906,false
225,1.3011567629977088e8,1.997614942084715e8,38,0.04688596725463867,false
226,1.3013104970134525e8,7.719478260276258e6,2,0.0033469200134277344,false
227,1.3014782113678509e8,3.3685830905476213e6,1,0.0019931793212890625,false
228,1.3015373724958871e8,4.9620871048334256e7,13,0.016460895538330078,false
229,1.3016481896871065e8,5.166725521909693e7,9,0.012778043746948242,false
230,1.301856163285997e8,7.844958645255536e6,2,0.003278970718383789,false
231,1.3019158050790854e8,1.3701577607797116e7,4,0.005937099456787109,false
232,1.3019167360245319e8,3.7836138900000155e6,1,0.0020439624786376953,false
233,1.3019909367286493e8,8.44508929233965e7,16,0.02044987678527832,false
234,1.3020800098449667e8,2.5300910597231284e7,8,0.010751008987426758,false
235,1.3021013182083449e8,3.3679427510323435e7,7,0.009328126907348633,false
236,1.3023249203493986e8,8.134379273401529e6,2,0.003284931182861328,false
237,1.3023334470401773e8,1.096172423541069e7,3,0.00469207763671875,false
238,1.3023819918510959e8,1.4235004822303176e7,3,0.0046880245208740234,false
239,1.302426507987138e8,2.6845439256937116e7,6,0.008891820907592773,false
240,1.3025327784273182e8,6.613975909999996e6,2,0.003381013870239258,false
241,1.3025975922281934e8,7.617941443428069e6,2,0.0031130313873291016,false
242,1.302658312858293e8,4.128874621195318e7,12,0.015240907669067383,false
243,1.3026987856923181e8,5.407302461203241e7,12,0.015503168106079102,false
244,1.3027459879879947e8,1.1784413633992392e8,23,0.028338909149169922,false
245,1.3027802276161584e8,1.854899743860972e7,4,0.006176948547363281,false
246,1.302890009409083e8,2.23306997938803e7,7,0.010046005249023438,false
247,1.3029102695084797e8,2.7166377597218767e7,9,0.011527061462402344,false
248,1.3029197658512011e8,7.152172300000012e6,2,0.003381967544555664,false
249,1.3029848350993289e8,6.758327449212462e6,2,0.0034570693969726562,false
250,1.3029977377623315e8,2.3833681944963604e7,5,0.007340908050537109,false
251,1.3030979463310526e8,4.734861479311338e7,15,0.01964712142944336,false
252,1.3031885120763314e8,7.941067085626215e6,2,0.003432035446166992,false
253,1.3031976490946296e8,3.1120301181240886e7,9,0.012189865112304688,false
254,1.3032401588316178e8,3.3685836099999994e6,1,0.0020329952239990234,false
255,1.3032633669712886e8,6.885202974141195e6,2,0.003437042236328125,false
256,1.3033490971723436e8,2.7041438224271804e7,6,0.008949041366577148,false
257,1.303356039855051e8,2.221659470207368e7,8,0.010091066360473633,false
258,1.303358099124411e8,3.3685836099999994e6,1,0.0021209716796875,false
259,1.303368333952721e8,1.3383515743693173e7,4,0.005761861801147461,false
260,1.3033796325080106e8,3.0337975894883677e7,9,0.011399984359741211,false
261,1.303400453647787e8,6.774862009212419e6,2,0.003401041030883789,false
262,1.3034150889688455e8,9.5409801127915e7,17,0.021893978118896484,false
263,1.303442397311385e8,3.3685836099999994e6,1,0.0020520687103271484,false
264,1.3035008616973922e8,3.3685836099999994e6,1,0.002026081085205078,false
265,1.3035047487183826e8,2.13866720961062e7,6,0.008353948593139648,false
266,1.3037534901669401e8,4.159296332709506e7,7,0.009670019149780273,false
267,1.3037606271992087e8,9.19222292224042e7,23,0.02866387367248535,false
268,1.3037706946645547e8,9.997907431148827e6,3,0.004395008087158203,false
269,1.3037757924046849e8,3.3685836099999994e6,1,0.0020949840545654297,false
270,1.304076687778247e8,5.697654865199366e7,10,0.012529134750366211,false
271,1.3040944778548232e8,1.5192479369521424e7,5,0.006520986557006836,false
272,1.3041678868225373e8,1.8553745220766917e7,4,0.006020069122314453,false
273,1.3041716237378682e8,2.2260502408461446e8,50,0.060846805572509766,false
274,1.3042987423272833e8,5.939583568479708e7,11,0.014779090881347656,false
275,1.3044765832565254e8,6.645320674123675e6,2,0.0035779476165771484,false
276,1.3044823304390709e8,3.2446297993801355e7,10,0.013447046279907227,false
277,1.3048740331878512e8,6.643089656197862e7,16,0.02017807960510254,false
278,1.3048811731833586e8,3.914523963961606e7,9,0.011619806289672852,false
279,1.304916201405217e8,1.952849910193409e7,7,0.009118080139160156,false
280,1.305089872459364e8,2.9180961320054173e7,9,0.011801958084106445,false
281,1.3051164487283024e8,3.3851176505476236e6,1,0.002142190933227539,false
282,1.305160242601029e8,6.532607006619811e7,11,0.015154838562011719,false
283,1.305176647895243e8,1.1225284374378666e7,3,0.0048029422760009766,false
284,1.3052377681790234e8,1.6991956143542394e7,4,0.005759000778198242,false
285,1.305248193117728e8,6.252309600309476e6,2,0.003506183624267578,false
286,1.3052732933557937e8,7.770502583741537e7,15,0.06416487693786621,false
287,1.305362914032308e8,5.6478064933653966e7,10,0.01409602165222168,false
288,1.3055551373683691e8,4.843201079754192e7,10,0.01400303840637207,false
289,1.3057968170990968e8,3.737679542921297e7,12,0.014467954635620117,false
290,1.3058219463635254e8,6.757218367765114e6,2,0.003401041030883789,false
291,1.305991772271739e8,1.8758785767349005e7,4,0.005852937698364258,false
292,1.306045162095923e8,1.49820589957605e7,4,0.005946159362792969,false
293,1.3063947340217881e8,1.1744108588958354e8,28,0.034323930740356445,false
294,1.306428271202844e8,2.463816331548783e7,6,0.008085012435913086,false
295,1.3066204842315815e8,8.18949423255552e7,17,0.021502017974853516,false
296,1.3066330045397162e8,3.2968104942344204e7,6,0.008219003677368164,false
297,1.3066860387137042e8,2.468035612132688e7,9,0.010869979858398438,false
298,1.3066941324799214e8,6.184648020850311e7,16,0.0197598934173584,false
299,1.3067064892835563e8,1.1086187752694163e8,20,0.025393009185791016,false
300,1.3067081413360377e8,8.555405832096368e6,3,0.0043261051177978516,true
