year,stage,h1,h2,h3,h4
2000,1,44438.39654737936,2823.291452715161,12352.17162298484,12047.75601688613
2000,2,55178.72966056035,4008.974508352069,14568.60257273931,13696.37786234
2000,3,49240.61340725807,4481.306593372258,12875.221364668387,17367.70696824774
2000,4,30393.575651043666,2014.7183430996668,10626.049365236,15033.425097657333
2000,5,20097.791456656774,2149.196446572903,5271.427718625484,9989.07418724871
2000,6,17624.46998698133,2620.249861654333,3551.109350586,3590.9277994806666
2000,7,16499.405997985163,4631.896720640323,2777.7969222541933,2308.411400580968
2000,8,15987.342521422257,2917.0924662929033,2895.163763231613,1691.13020177
2000,9,26353.777864585667,12242.921891277334,2680.191918946333,1442.565397135
2000,10,16014.731728831935,10683.995006932902,2392.24141963871,1494.3820840164515
2000,11,23607.334179690333,4645.897696941333,4790.493998210667,2596.7193481446666
2000,12,35517.63079637162,3393.55226972129,10343.553899950644,6590.44909274258
2001,1,33321.54838709677,7842.096774193548,9931.290322580646,7932.870967741936
2001,2,33791.28571428572,13556.25,5226.357142857143,8390.392857142857
2001,3,30177.451612903227,7322.580645161291,5191.064516129032,10801.516129032258
2001,4,23080.066666666666,5176.633333333333,3929.5666666666666,11497.2
2001,5,18888.387096774193,6453.451612903225,2532.032258064516,5730.064516129032
2001,6,17261.266666666666,6964.833333333333,2463.0,3130.8333333333335
2001,7,14716.58064516129,8403.806451612903,1991.1935483870968,1904.0
2001,8,12558.677419354839,5692.967741935484,1839.8064516129032,1354.8709677419354
2001,9,13380.9,5500.733333333334,1939.6666666666667,1046.9333333333334
2001,10,19567.774193548386,16289.193548387097,2148.5806451612902,1364.4516129032259
2001,11,22287.733333333334,4883.8,3317.1666666666665,2335.766666666667
2001,12,34483.41935483871,5350.677419354839,6171.677419354839,5501.225806451613
2002,1,50972.645161290326,5024.741935483871,15032.838709677419,15518.129032258064
2002,2,60322.857142857145,4269.0,13549.035714285714,15298.42857142857
2002,3,42350.8064516129,3280.064516129032,10401.58064516129,12727.645161290322
2002,4,26746.366666666665,2494.9666666666667,6770.6,12106.433333333332
2002,5,25732.322580645163,6735.354838709677,3223.032258064516,5941.741935483871
2002,6,18768.5,6796.333333333333,2601.0666666666666,2851.866666666667
2002,7,16434.290322580644,4544.548387096775,2458.1612903225805,1626.4516129032259
2002,8,14946.645161290322,7666.032258064516,1924.483870967742,1129.8064516129032
2002,9,15883.8,10146.633333333333,1485.4,996.3333333333334
2002,10,11874.645161290322,12844.516129032258,1951.8387096774193,1137.4193548387098
2002,11,20492.9,12140.466666666667,2648.366666666667,1691.9666666666667
2002,12,31570.870967741936,11607.129032258064,5136.741935483871,2440.0967741935483
2003,1,53641.67741935484,5576.967741935484,11611.774193548386,5696.870967741936
2003,2,56501.92857142857,6304.357142857143,12923.42857142857,9004.42857142857
2003,3,43648.290322580644,5888.4838709677415,7871.870967741936,12130.677419354839
2003,4,38173.23333333333,2830.366666666667,7735.366666666667,13533.133333333333
2003,5,24329.516129032258,2743.935483870968,4053.935483870968,7549.8387096774195
2003,6,20893.4,5529.833333333333,2914.266666666667,3231.2
2003,7,17978.354838709678,5153.193548387097,2622.0,1787.3548387096773
2003,8,14321.870967741936,2319.8709677419356,2219.8387096774195,1263.774193548387
2003,9,13774.566666666668,1996.8666666666666,2033.1666666666667,978.7
2003,10,14434.290322580646,3893.3548387096776,1518.9354838709678,998.3548387096774
2003,11,19714.766666666666,5374.333333333333,2463.3,1948.1333333333334
2003,12,31096.16129032258,11929.483870967742,4617.580645161291,2974.3870967741937
2004,1,41870.74193548387,6761.548387096775,13522.806451612903,6809.064516129032
2004,2,63077.862068965514,3298.896551724138,19414.103448275862,18979.275862068964
2004,3,55638.0,2422.7096774193546,20132.483870967742,20339.74193548387
2004,4,42595.73333333333,2683.0,15870.033333333333,18466.1
2004,5,34322.32258064516,6385.032258064516,8724.064516129032,9974.741935483871
2004,6,31063.1,6369.166666666667,4474.266666666666,3871.5666666666666
2004,7,25748.09677419355,8869.290322580646,3871.7419354838707,2262.7096774193546
2004,8,17926.16129032258,3329.064516129032,3017.5806451612902,1596.7096774193549
2004,9,14056.066666666668,5227.433333333333,2706.8,1278.0333333333333
2004,10,20414.09677419355,10080.741935483871,2703.8709677419356,1331.6774193548388
2004,11,24341.166666666668,9840.633333333333,3125.8333333333335,1956.4333333333334
2004,12,36949.096774193546,4367.032258064516,5343.677419354839,3237.064516129032
2005,1,62062.032258064515,3984.6451612903224,11854.741935483871,5490.096774193548
2005,2,53792.78571428572,2143.1071428571427,14971.642857142857,10829.17857142857
2005,3,50460.290322580644,1780.7096774193549,14587.354838709678,15586.451612903225
2005,4,33775.166666666664,4132.766666666666,12430.466666666667,13191.2
2005,5,28437.225806451614,9577.483870967742,6712.612903225807,9162.354838709678
2005,6,26004.1,12315.166666666666,4432.666666666667,3583.633333333333
2005,7,19796.677419354837,6845.129032258064,3575.6129032258063,1954.4193548387098
2005,8,15771.645161290322,5412.064516129032,2978.3870967741937,1232.258064516129
2005,9,18677.033333333333,18923.966666666667,2909.0,997.1666666666666
2005,10,22236.83870967742,21746.032258064515,2741.032258064516,1066.4193548387098
2005,11,26776.266666666666,9469.933333333332,4067.766666666667,1463.5
2005,12,52106.096774193546,3190.5806451612902,13048.774193548386,4933.225806451613
2006,1,43278.8064516129,3270.3548387096776,12968.967741935483,8716.322580645161
2006,2,45280.82142857143,3069.5,6987.785714285715,8862.392857142857
2006,3,53957.290322580644,3035.935483870968,10624.741935483871,11192.935483870968
2006,4,46596.46666666667,2445.5333333333333,13384.933333333332,17566.5
2006,5,27371.1935483871,1205.3548387096773,7086.870967741936,14126.387096774193
2006,6,22055.366666666665,1734.7,3951.8,5098.5
2006,7,19492.322580645163,2325.3870967741937,3254.516129032258,2377.3548387096776
2006,8,16696.645161290322,3726.7096774193546,3039.4193548387098,1485.774193548387
2006,9,17776.533333333333,4250.533333333334,2917.0,1199.7
2006,10,24904.483870967742,4091.451612903226,3943.6451612903224,1524.516129032258
2006,11,27275.533333333333,5252.133333333333,8542.733333333334,3070.9333333333334
2006,12,54270.25806451613,5681.8387096774195,12092.806451612903,3882.3225806451615
2007,1,91862.41935483871,5624.032258064516,16882.645161290322,5169.354838709677
2007,2,87707.60714285714,5866.392857142857,21393.5,12672.07142857143
2007,3,49541.83870967742,7834.741935483871,20536.290322580644,14440.290322580646
2007,4,34188.86666666667,7480.9,7788.5,11488.366666666667
2007,5,28212.0,17011.548387096773,4640.935483870968,5899.4838709677415
2007,6,23393.833333333332,6741.133333333333,3866.8333333333335,2609.3
2007,7,22805.032258064515,9611.612903225807,3039.935483870968,1556.1290322580646
2007,8,18419.74193548387,5241.451612903225,2977.2258064516127,1119.1290322580646
2007,9,12865.8,6579.4,2229.0666666666666,881.1333333333333
2007,10,12987.258064516129,8011.129032258064,1803.516129032258,890.483870967742
2007,11,22922.966666666667,11891.633333333333,1901.4,1123.7
2007,12,28837.354838709678,6593.612903225807,4727.806451612903,2316.3225806451615
2008,1,36678.54838709677,6312.774193548387,5821.032258064516,3831.451612903226
2008,2,61333.93103448276,4199.862068965517,11437.827586206897,8373.275862068966
2008,3,61447.67741935484,3586.8387096774195,13472.774193548386,12331.387096774193
2008,4,50521.86666666667,4907.8,14220.166666666666,14496.4
2008,5,35143.290322580644,8428.709677419354,5903.8387096774195,9981.09677419355
2008,6,27471.5,8322.933333333332,3387.4333333333334,3600.5
2008,7,20671.1935483871,5742.741935483871,2790.1612903225805,1860.8709677419354
2008,8,22161.064516129034,7845.1612903225805,2512.6774193548385,1210.1935483870968
2008,9,15755.566666666668,6807.0,2004.7,911.8
2008,10,20248.967741935485,18364.451612903227,2193.0967741935483,908.741935483871
2008,11,25109.633333333335,16521.366666666665,2703.1,1392.0333333333333
2008,12,36588.1935483871,4208.322580645161,7217.032258064516,4524.548387096775
2009,1,52764.41935483871,4441.129032258064,15968.58064516129,6393.322580645161
2009,2,63979.75,3923.25,14559.464285714286,9104.75
2009,3,45868.709677419356,3654.2258064516127,10546.516129032258,11264.0
2009,4,47046.9,1509.8666666666666,13048.2,13690.233333333334
2009,5,30320.83870967742,2191.3870967741937,7837.0,16566.74193548387
2009,6,24852.566666666666,3288.8333333333335,4594.833333333333,7133.633333333333
2009,7,27294.8064516129,10404.483870967742,3703.451612903226,2961.7419354838707
2009,8,23743.387096774193,15537.677419354839,2927.032258064516,1681.741935483871
2009,9,31058.2,25501.633333333335,3005.4,1400.6
2009,10,35873.8064516129,21803.8064516129,4096.096774193548,1729.6451612903227
2009,11,36405.5,12507.733333333334,7846.5,3349.5
2009,12,60641.22580645161,10475.0,7809.354838709677,5326.612903225807
2010,1,69532.6129032258,14463.290322580646,10196.161290322581,9913.161290322581
2010,2,58325.17857142857,13498.142857142857,5630.107142857143,10280.42857142857
2010,3,52660.87096774193,8845.0,7841.4838709677415,10454.516129032258
2010,4,44618.433333333334,17861.966666666667,8444.8,13375.266666666666
2010,5,28654.8064516129,21529.225806451614,3779.3548387096776,5751.096774193548
2010,6,22871.533333333333,9753.0,3096.0333333333333,2659.8
2010,7,20106.41935483871,10344.258064516129,2513.3870967741937,1563.225806451613
2010,8,15682.387096774193,8303.161290322581,2102.483870967742,1111.9354838709678
2010,9,13661.833333333334,6000.566666666667,1955.4333333333334,887.1333333333333
2010,10,21653.58064516129,6050.903225806452,2389.1290322580644,1056.225806451613
2010,11,28702.233333333334,5060.833333333333,5222.3,1952.2666666666667
2010,12,43938.54838709677,14950.354838709678,9189.0,3900.6129032258063
2011,1,75723.74193548386,11770.09677419355,13163.806451612903,7806.451612903225
2011,2,49524.46428571428,20157.25,9317.92857142857,11692.392857142857
2011,3,85632.35483870968,12396.806451612903,11530.322580645161,16528.354838709678
2011,4,54629.13333333333,10887.166666666666,15223.833333333334,15977.266666666666
2011,5,33384.8064516129,5992.741935483871,5897.225806451613,11613.774193548386
2011,6,27811.633333333335,8076.866666666667,3690.2,3959.4333333333334
2011,7,24104.74193548387,22207.774193548386,3156.0,2223.451612903226
2011,8,23878.935483870966,29738.967741935485,2434.3870967741937,1388.225806451613
2011,9,16469.766666666666,24912.833333333332,2183.9666666666667,970.2666666666667
2011,10,24796.16129032258,11062.193548387097,2748.0,1440.774193548387
2011,11,26897.133333333335,6902.8,3932.4333333333334,3089.5
2011,12,43984.41935483871,3699.7419354838707,10550.161290322581,5848.258064516129
2012,1,72789.03225806452,6657.645161290323,17121.451612903227,11446.90322580645
2012,2,48933.51724137931,5405.896551724138,15268.862068965518,14172.724137931034
2012,3,36629.8064516129,3894.8387096774195,6346.774193548387,13477.290322580646
2012,4,31814.866666666665,3758.233333333333,6242.833333333333,9324.5
2012,5,29560.645161290322,5504.032258064516,3718.4193548387098,4835.1612903225805
2012,6,38037.23333333333,14119.966666666667,3598.1666666666665,2789.7
2012,7,26180.064516129034,9745.387096774193,2722.4193548387098,1720.1935483870968
2012,8,17076.25806451613,7910.451612903225,2249.6774193548385,1205.7096774193549
2012,9,14559.066666666668,4819.6,1956.2,1067.6333333333334
2012,10,14962.193548387097,7434.4838709677415,1667.1935483870968,1156.2903225806451
2012,11,22913.633333333335,4714.533333333334,4640.6,2335.6666666666665
2012,12,27462.612903225807,4613.580645161291,6602.193548387097,4873.451612903225
2013,1,49195.290322580644,8997.387096774193,5010.5161290322585,6689.0
2013,2,59842.142857142855,6987.214285714285,10506.607142857143,11885.142857142857
2013,3,51911.74193548387,12875.0,5343.612903225807,11698.548387096775
2013,4,54284.76666666667,7740.866666666667,8113.233333333334,14030.233333333334
2013,5,30809.322580645163,5023.612903225807,4437.451612903225,9473.645161290322
2013,6,40178.0,18803.4,3354.5333333333333,4023.2
2013,7,32104.16129032258,16472.967741935485,2553.0,2405.6451612903224
2013,8,20192.322580645163,18084.322580645163,2264.6129032258063,1630.967741935484
2013,9,17956.133333333335,17173.666666666668,1848.0333333333333,1318.9666666666667
2013,10,25144.322580645163,13657.806451612903,2015.516129032258,1420.4516129032259
2013,11,23994.266666666666,6687.433333333333,2618.8,2546.233333333333
2013,12,42071.54838709677,6607.548387096775,8942.967741935483,5559.903225806452
2014,1,30016.774193548386,10307.161290322581,10872.41935483871,10048.032258064517
2014,2,22933.035714285714,5003.107142857143,4116.964285714285,12976.464285714286
2014,3,34617.54838709677,11214.90322580645,3951.8064516129034,17425.83870967742
2014,4,33430.166666666664,8214.2,5151.433333333333,15364.333333333334
2014,5,22489.612903225807,11723.967741935483,3236.1612903225805,9636.354838709678
2014,6,25636.833333333332,41022.566666666666,2152.5666666666666,4209.633333333333
2014,7,17830.032258064515,16249.516129032258,2235.3225806451615,2388.2903225806454
2014,8,15011.0,6617.258064516129,2091.8064516129034,1559.0967741935483
2014,9,14425.333333333334,12734.666666666666,1939.7,1291.2
2014,10,13717.064516129032,18570.612903225807,1509.225806451613,1374.0
2014,11,18256.2,8356.8,2510.0,2319.8333333333335
2014,12,34680.22580645161,7799.612903225807,6552.741935483871,4675.0
2015,1,22136.225806451614,15692.290322580646,3926.0,5987.580645161291
2015,2,34484.71428571428,11727.857142857143,4243.0,7534.785714285715
2015,3,42725.41935483871,8066.387096774193,5668.064516129032,10838.516129032258
2015,4,36755.333333333336,7076.433333333333,6801.3,12825.333333333334
2015,5,29900.967741935485,6798.935483870968,4286.709677419355,11546.09677419355
2015,6,22850.6,13865.3,2568.233333333333,5283.1
2015,7,28200.516129032258,28396.677419354837,2004.032258064516,2788.4193548387098
2015,8,15977.258064516129,8201.967741935483,1729.1290322580646,1896.9354838709678
2015,9,20881.866666666665,13679.333333333334,1380.7,1228.9333333333334
2015,10,19782.387096774193,30754.935483870966,1046.967741935484,1210.483870967742
2015,11,31888.066666666666,18999.4,1055.2666666666667,1460.2
2015,12,42828.74193548387,21753.548387096773,3180.2903225806454,1581.4516129032259
2016,1,79774.0,15006.225806451614,7340.129032258064,5056.548387096775
2016,2,58432.51724137931,13870.931034482759,13775.241379310344,9358.241379310344
2016,3,64348.12903225807,14945.90322580645,4844.5161290322585,8950.290322580646
2016,4,37298.8,9724.166666666666,2750.266666666667,7933.7
2016,5,33803.74193548387,10919.225806451614,1674.3225806451612,4202.4838709677415
2016,6,37570.23333333333,9857.466666666667,1461.7333333333333,2392.866666666667
2016,7,22565.387096774193,10636.354838709678,1251.4516129032259,1832.0
2016,8,21077.774193548386,11490.516129032258,1292.0,1181.0
2016,9,18529.066666666666,8938.333333333334,1153.1,1067.6
2016,10,19830.516129032258,12527.161290322581,1333.2903225806451,1071.2903225806451
2016,11,27177.1,6764.466666666666,2078.5,1619.0
2016,12,36780.54838709677,7455.741935483871,5652.322580645161,2917.2258064516127
2017,1,43990.903225806454,11794.870967741936,4115.1612903225805,4229.967741935484
2017,2,49413.42857142857,8571.214285714286,4919.071428571428,10809.67857142857
2017,3,45626.032258064515,6042.774193548387,3518.2580645161293,14156.741935483871
2017,4,39045.96666666667,5532.133333333333,2786.266666666667,12786.666666666666
2017,5,38930.3870967742,14428.161290322581,1652.741935483871,7091.419354838709
2017,6,33954.26666666667,28458.333333333332,1535.2,3699.0666666666666
2017,7,20073.1935483871,4276.129032258064,1271.8387096774193,2301.7741935483873
2017,8,17272.129032258064,5233.5161290322585,1203.1290322580646,1551.1290322580646
2017,9,12804.333333333334,2747.266666666667,1024.4333333333334,1194.1
2017,10,15893.483870967742,10914.064516129032,855.6129032258065,1047.258064516129
2017,11,31580.2,12038.033333333333,1609.7,1850.7666666666667
2017,12,44610.645161290326,6518.8387096774195,5861.322580645161,4416.580645161291
2018,1,62436.67779737903,13869.707362023226,5402.445367629677,6477.685294859354
2018,2,57436.45452008928,7051.755589076785,6739.173296248571,16868.872558596784
2018,3,59582.34841229839,6513.561972342258,7985.417039441935,24938.042779739353
2018,4,48563.67890625,5883.2308431,5544.370963543,26618.06959635633
2018,5,30864.942288308062,3026.863470262581,2454.2016601570967,14254.412046372903
2018,6,24592.475976565333,4972.793644206334,1726.6086710606667,6202.60358073
2018,7,17723.829542592583,6407.539290890968,1486.0114824845161,3493.386372229032
2018,8,16856.965316282578,4710.800308720645,1333.9043205019354,2279.536424205484
2018,9,16140.318652345333,11470.434472656667,1273.0049397786668,1583.1746663406666
2018,10,25474.951990929352,15629.42615927645,1412.3846789941936,1475.521259922258
2018,11,40228.224283854994,10395.238167318666,3793.806013997,3294.3269571946666
2018,12,45430.25919858871,5792.578699913226,8716.902438257419,9533.7804467
2019,1,41746.29637096774,7316.065776210646,5167.6328125,12171.651997230001
2019,2,45982.373325892855,6602.792471749643,3647.3086286271428,14901.960553852501
2019,3,66045.39616935483,9478.883615801935,6224.051222279677,22437.638986898386
2019,4,52369.521744791666,6649.802685549334,6413.233203126,25661.94589844033
2019,5,38359.84400201613,13958.284085183226,4034.8518617693544,18054.72930317742
2019,6,31080.13815104267,16313.016650392,2365.409505207667,9025.628271485
2019,7,21944.446446575483,7054.953951929032,1867.5114824854838,4417.931191721613
2019,8,16402.49814138258,2854.9921008703227,1623.4633592180644,2502.5411810106452
2019,9,13754.133040365,3282.699959309667,1304.8866333016667,1566.4978393553333
2019,10,13863.983839467097,5363.578755041613,1021.502384308387,1762.360292495484
2019,11,19805.32317708533,9279.088557943332,1294.151804607,2599.117635091333
2019,12,39474.259009577094,4489.19333574742,4706.477791079033,4402.620629095483
2020,1,49123.79523689516,3387.4963457664517,6081.734438004194,9487.888120590967
2020,2,74129.20972521552,2712.4435572134485,11661.795730066897,17246.30812230724
2020,3,70906.99747983871,1847.8800324474194,13629.973821826128,29528.653351815807
2020,4,47532.366015625,1024.4869323723333,11799.27138672,30707.614583335664
2020,5,31828.598601312257,1744.8063137916129,5623.032478579677,24026.018208168065
2020,6,25169.574869794,7105.318640137333,3426.271744792,12434.970182293333
2020,7,20410.137852825483,13308.605531754838,2442.821635584839,5728.076959426129
2020,8,17523.704574093874,9734.70473947871,2196.388033959355,3055.1883033016125
2020,9,13027.040690106,5064.995581055667,1746.3991332996666,2284.674727377
2020,10,12499.901871220967,2754.251949187742,1808.8286172190324,1848.0620629093548
2020,11,18838.288834638664,2038.5228841146668,4674.289493815667,4029.3085042323337
2020,12,30518.70444808581,6962.184302547097,4503.357295868065,5343.6988092245165
2021,1,45992.872353830644,11536.969647809354,6346.1342143406455,7217.2743825616135
2021,2,51395.88141741072,10095.591761998216,6052.190202985357,14423.090000699285
2021,3,51756.63356854839,4903.752346900323,9869.155131679356,29569.102822583547
2021,4,34866.360546876,2275.2022054033337,4007.506233723667,22350.79915364833
2021,5,25394.064012099032,2489.4216269219355,2578.8067981351614,17062.24363659355
2021,6,21587.662760419666,6048.522892253666,1765.3352579746668,7431.726220704
2021,7,15751.920520415162,4636.717938823871,1605.5852562680645,4205.015979398387
2021,8,12283.989383822258,3288.5307065903226,1440.8474475490323,2568.6573289441935
2021,9,11124.318131511334,7610.521337891667,1319.6636962886666,1835.1189656576666
2021,10,22229.457283268708,12194.271925404515,1402.223065776774,2042.3623086248388
2021,11,29324.349674481666,5170.842683919333,4354.281827800333,6008.061368815667
2021,12,42730.24042338742,2180.983040102258,9939.992329259678,15494.047221523548
2022,1,71611.4484627016,2772.8433129103228,17799.48834425645,35154.74779485935
2022,2,77963.98005022321,2719.2132045207145,20980.413643974996,30797.956473215716
2022,3,52858.78112399193,6904.089520855162,17285.179277975807,32736.484059981613
2022,4,40928.53821614599,10066.010188802667,7554.100260417999,29655.617773439666
2022,5,26928.126071071612,18577.63813634226,3692.776808216129,18395.841387350967
2022,6,24273.353776043667,24208.976432293664,2858.892716471333,9956.335514324333
2022,7,16846.84255292516,7704.842568675806,2449.2024870848386,5347.77359501
2022,8,16060.427072834516,12487.83407888258,2060.7292165458066,3372.464316090645
2022,9,16133.850585939334,9714.907714844665,2232.900276693,2291.0903564453333
2022,10,24479.90366683774,20737.534148186453,1912.9472459358064,2211.0615391890324
2022,11,24425.456184897666,7791.937109375666,4230.198201497,4403.6517089849995
2022,12,42977.42918346806,8156.181829638064,9487.892672631935,10887.615470640001
2023,1,77841.1761592742,7115.966670866774,14460.296339467097,20352.732799901612
2023,2,73924.88560267857,7204.785522461786,13847.900425502858,22389.06229073857
2023,3,71116.75793850806,8086.679813508709,7841.496786795807,27647.748802925482
2023,4,55159.878255208336,6183.518562826,4286.469710287,28234.861653648
2023,5,36569.25680443645,5272.927639870645,3759.475223665161,18802.228830647095
2023,6,30862.038541668666,8244.966121420333,2329.1887939456665,8025.951611329334
2023,7,22869.693422381613,16145.927576865484,2204.765388734839,4039.8630449858065
2023,8,18510.108618954193,8120.976247480645,2151.2099924393547,2186.14290495871
2023,9,17295.988802085332,16122.271451824667,2063.921398926333,1677.4732014976667
2023,10,22523.349010839032,45323.83423639193,1565.055297852258,1340.7593560983871
2023,11,26426.80651041833,46866.216015625665,2161.404125977,1495.9890991213333
2023,12,28113.617124498385,15485.888687628065,1789.1869054,2308.809385237742
2024,1,37064.41601562548,10368.110603580322,6409.450140185161,6776.377898186129
2024,2,43505.01239224138,7185.887493266551,9635.482152479999,16679.97218480793
2024,3,45836.08757560484,9729.134009578387,8607.646641885485,18783.66248740129
2024,4,46110.08808593766,9554.898014323999,8077.051790365667,21880.42779948133
2024,5,23880.921811998385,29610.728295113226,3014.3205251390323,14890.91957535516
2024,6,18221.142057293666,16183.633496096,1840.8766316736667,5490.904695638667
2024,7,14972.340536795162,19465.2202936,1627.242892356774,2650.628177766774
2024,8,11938.692130797419,6280.880827873226,1382.966044764839,1558.4758733941935
2024,9,9558.259016928001,6526.39466146,1205.8373046880001,1126.0028991703332
2024,10,14050.908864668709,11205.702463459033,1275.3516747261292,1061.697547174516
2024,11,35062.949414063,7488.930810547334,3792.8579996743333,2625.587780762
2024,12,46588.58644153226,15904.481429563226,5511.83746534871,6253.667007939355
2025,1,64387.76,5293.12529032258,13734.557677419354,17172.684612903227
2025,2,59647.85807142857,7038.682964285714,12452.479428571429,25676.182857142856
2025,3,42753.79293548387,3717.6989677419356,3572.3134516129035,26928.160774193548
2025,4,45843.33186666667,4238.6992,3466.730466666667,21533.956866666667
2025,5,33501.08777419355,3405.933612903226,3184.414806451613,13613.774612903226
2025,6,27062.617233333334,18402.651333333335,1878.3365333333334,6369.269
2025,7,20365.57587096774,12226.904967741935,1738.7890645161292,3435.9643225806453
2025,8,14509.221193548388,10384.955064516129,1433.5898387096775,2200.712612903226
2025,9,12094.648866666666,12555.861433333333,1257.6627999999998,1342.7134333333333
2025,10,14253.972580645162,12027.266806451613,1148.103935483871,1248.1166451612903
2025,11,23363.636733333333,9174.849033333334,1597.3455333333334,1793.721
2025,12,34078.73448387097,6156.736193548388,4063.092290322581,5323.180580645161
